Section,Inquiries
Sports,4
Sports,1
Sports,1
Sports,4
Sports,25
Sports,20
Sports,120
Sports,2
Sports,6
Sports,1
Sports,4
Sports,11
Sports,1
Sports,9
Sports,4
Sports,3
Sports,9
Sports,49
Sports,14
Sports,9
Sports,12
Sports,2
Sports,11
Sports,4
Sports,7
Sports,26
Sports,6
Sports,13
Sports,6
Sports,5
Sports,7
Sports,5
Sports,8
Sports,4
Sports,2
Sports,55
Sports,3
Sports,4
Sports,39
Sports,21
Sports,2
Sports,7
Sports,5
Sports,27
Sports,2
Sports,12
Sports,49
Sports,3
Sports,37
Sports,1
Sports,8
Sports,2
Sports,5
Sports,3
Sports,1
Sports,8
Sports,2
Sports,9
Sports,4
Sports,1
Sports,2
Sports,4
Sports,2
Sports,14
Sports,1
Sports,6
Sports,5
Sports,15
Sports,7
Sports,16
Sports,3
Sports,11
Sports,9
Sports,34
Sports,9
Sports,2
Sports,1
Sports,29
Sports,3
Sports,13
Sports,1
Sports,9
Sports,6
Sports,8
Sports,2
Sports,12
Sports,9
Sports,3
Sports,35
Sports,10
Sports,1
Sports,4
Sports,16
Sports,12
Sports,1
Sports,11
Sports,4
Sports,20
Sports,2
Sports,1
Business,18
Business,3
Business,6
Business,5
Business,5
Business,15
Business,10
Business,4
Business,14
Business,10
Business,7
Business,8
Business,15
Business,18
Business,9
Business,13
Business,11
Business,7
Business,58
Business,39
Business,23
Business,21
Business,4
Business,45
Business,8
Business,22
Business,87
Business,6
Business,19
Business,6
Business,44
Business,49
Business,7
Business,21
Business,16
Business,23
Business,2
Business,9
Business,2
Business,5
Business,3
Business,7
Business,26
Business,9
Business,13
Business,7
Business,20
Business,24
Business,32
Business,12
Business,44
Business,2
Business,7
Business,8
Business,2
Business,2
Business,18
Business,5
Business,5
Business,11
Business,14
Business,9
Business,43
Business,5
Business,1
Business,5
Business,23
Business,42
Business,13
Business,6
Business,6
Business,21
Business,21
Business,12
Business,5
Business,6
Business,1
Business,5
Business,36
Business,16
Business,15
Business,18
Business,9
Business,2
Business,7
Business,70
Business,11
Business,6
Business,68
Business,13
Business,10
Business,21
Business,8
Business,5
Business,7
Business,6
Business,10
Business,4
Business,257
Business,34
